{
    "intents": [

        
        {
            "tag": "Saludo",
            "patterns": ["Hola", "que tal","Que haces","como estas"],
            "responses": [
                "¡Hola! Soy un chatbot dedicado a proporcionarte información y apoyo relacionado con la violencia basada en género. ¿En qué puedo ayudarte hoy?",
                "¡Saludos! Estoy aquí para ayudarte con información sobre la violencia de género. ¿Cómo puedo asistirte?"
            ]
        },
        {
            "tag": "buenosDias",
            "patterns": ["Buenos días"],
            "responses": [
                "Buenos dias, Soy un chatbot dedicado a proporcionarte información y apoyo relacionado con la violencia basada en género. ¿En qué puedo ayudarte hoy?",
                "¡Saludos! Estoy aquí para ayudarte con información sobre la violencia basada en género. ¿Cómo puedo asistirte?",
                "Buenos días. Soy un chatbot especializado en temas de violencia basada en género. ¿En qué puedo orientarte?"
            ]
        },
        {
            "tag": "buenasTardes",
            "patterns": ["Buenas tardes"],
            "responses": [
                "Buenas tardes, Soy un chatbot dedicado a proporcionarte información y apoyo relacionado con la violencia basada en género. ¿En qué puedo ayudarte hoy?",
                "¡Saludos! Estoy aquí para ayudarte con información sobre la violencia basada en género. ¿Cómo puedo asistirte?",
                "Buenas tardes. Soy un chatbot especializado en temas de violencia basada en género. ¿En qué puedo orientarte?"
            ]
        },
        {
            "tag": "buenasNoches",
            "patterns": ["Buenas noches"],
            "responses": [
                "Buenos Noches, Soy un chatbot dedicado a proporcionarte información y apoyo relacionado con la violencia basada en género. ¿En qué puedo ayudarte hoy?",
                "¡Saludos! Estoy aquí para ayudarte con información sobre la violencia basada en género. ¿Cómo puedo asistirte?",
                "Buenos Noches. Soy un chatbot especializado en temas de violencia basada en género. ¿En qué puedo orientarte?"
            ]
        },
        {
            "tag": "Despedida",
            "patterns": ["Adiós", "Hasta luego","chao"],
            "responses": [
                "De nada, si tienes más preguntas en el futuro, no dudes en preguntar. ¡Cuídate!",
                "Hasta luego. Siempre estoy aquí si necesitas más información o apoyo.",
                "No hay problema, estoy disponible para ayudarte en cualquier momento. ¡Adiós!"
            ]
        },
        {
            "tag": "Agradecimiento",
            "patterns": ["Gracias por la ayuda", "Te agradezco", "Estoy agradecido","Gracias"],
            "responses": [
                "No hay de qué, siempre estoy aquí para ayudar. Si tienes más preguntas, no dudes en preguntar.",
                "De nada, es un placer ayudarte. No dudes en contactarme si necesitas más información.",
                "¡Gracias por tu agradecimiento! Estoy disponible para responder tus preguntas en cualquier momento."
            ]
        },
        {
            "tag": "Cuidado",
            "patterns": ["Bromas hirientes","Amenaza","una persona se burla de mi", "intimida","Humilla","Ridiculiza","descalifica mis opiniiones",
            "me cela","me miente","Me engaña","Destruye objetos","me controla","prohibe mis amistades","Prohibe la relación con mi familia",
            "intenta anular mis decisiones","Me indica como vestir","Me indica como maquillarme","revisa mi celular","me culpabiliza"],
            "responses": [
                "Cuidado⚠️ \nSi experimentas este tipo de comportamientos, ten en cuenta que estás en la categoría de cuidado. Es importante tener precaución, ya que estas señales podrían indicar un riesgo de que la violencia aumente"
            ]
        },
        {
            "tag": "Alerta",
            "patterns": ["Me Trata con desprecio","Me ofende Verbalmente","me insulta","me empuja","me jalonea","me pellizca","me araña",
            "me golpea jugando","me acaricia agresivamente","me manosea","manosear","me maneja","Dispone de mi dinero","Dispone de mis bienes",
            "Dispone de mis documentos","me prohibe usar metodos anticonceptivos"],
            "responses": [
                "Alerta🤚🏻 \nSi experimentas este tipo de comportamientos, ten en cuenta que estás en la categoría de alerta. Por eso, es momento de actuar y buscar ayuda. No estás solo/a en esto; busca apoyo de amigos, familiares o profesionales especializados que puedan brindarte el respaldo necesario para abordar la situación y proteger tu bienestar."
                
            ]
        },
        {
            "tag": "Urgente",
            "patterns": ["golpea","agrede fisicamente","obliga relaciones sexuales","viola","amenaza muerte","amenaza arma","encierra","aisla"],
            "responses": [
                "Urgente🚨🚨 \nSi enfrentas estos comportamientos, Tu vida e integridad están en riesgo. Busca ayuda de inmediato. Comunícate con servicios de emergencia, contacta a personas de confianza y busca apoyo profesional. Prioriza tu seguridad y toma medidas para resguardar tu bienestar inmediato "
            
            ]
        },

        {
            "tag": "desconocido",
            "patterns": ["*"],
            "responses": [
                "Lo siento, no te entiendo. ¿Podrías preguntar algo relacionado con la violencia basada en género?",
                "Parece que estoy un poco confundido con eso.¿Podrías preguntar algo relacionado con la violencia basada en género?",
                "No estoy seguro de entender. ¿Podrías proporcionar más detalles o hablar algo relacionado con violencia basada en género ?",
                "Mis conocimientos son limitados y puede que no pueda ayudarte con eso en particular."
                
            ]
        },
        {
            "tag": "servicioDeAyuda",
            "patterns": ["Servicios de ayuda","numeros de telefono","lineas telefonicas"],
            "responses": [
                "Estos son los servicios de ayuda que brinda la univerida CESMAG\nSEDE CENTRO \nUnidad de servicios psicológicos \n\n- Primer piso edificio Holanda \n- Tel: 602 7216535  \n\nUnidad de salud Maria Goretti \n- Bloque Administrativo \n- Tel: 602 7214965  \n\nSAN DAMIAN \nReportar en el área de primeros auxilios, en el bloque administrativo" 
                
            ]
        },
        {
            "tag": "insult",
            "patterns": ["*"],
            "responses": [
                "Lo siento, pero no responderé a preguntas formuladas de manera irrespetuosa. Por favor, reformula tu pregunta de manera adecuada si necesitas ayuda.",
                "No se permiten groserías aquí. Ofrezco información y apoyo respetuoso, especialmente en temas sensibles como la violencia de género. Estoy disponible para ayudar de manera confidencial. Gracias por tu comprensión." 
                
            ]
        }
        
        
        

        



    ]

}
